timestamp_s,util_gpu,util_mem,mem_used_mb,mem_total_mb,power_w,temp_c
1765758045.972608,96.09976583913549,57.465179268941874,18606.61364042095,24576.0,76.08171135115884,66.88988175948307
1765758046.1726081,92.52116892564855,61.22423571035501,20484.3877415233,24576.0,71.68800928969036,68.74462346661296
1765758046.3726082,89.94087011750514,71.34844216731616,19641.45070717715,24576.0,62.14786154997514,70.50249491409525
1765758046.5726082,90.01241643010088,70.69916416902636,21105.42045005989,24576.0,62.845765389494446,70.35833813073405
1765758046.7726083,94.1717245585155,69.32643319699984,18295.057930655013,24576.0,68.18898307371639,63.95766924234168
1765758046.9726083,94.72087225845951,67.20075283756289,17583.509710070095,24576.0,70.53992325894369,63.49152157608958
1765758047.1726084,94.01608373009498,63.07288153088118,16731.720046649494,24576.0,66.65224580445748,64.88637191253191
1765758047.3726084,91.15296205121598,65.58647612593218,18350.73416154717,24576.0,64.6340092579245,73.23659356818882
1765758047.5726085,96.31752638150753,65.85448944698288,18383.169374002093,24576.0,55.28070636823466,67.27155212385092
1765758047.7726085,90.34639203504769,62.765304912467826,16347.717917935532,24576.0,63.92275413658945,67.16156312181295
1765758047.9726086,97.64909979477089,69.08701532938792,19646.556960026683,24576.0,72.84995528124882,65.69248437885906
1765758048.1726086,96.359448962562,67.46335450434798,20070.64896421818,24576.0,66.18228177620823,68.43092550419352
1765758048.3726087,86.21512242723006,67.18005938835714,16283.038299324788,24576.0,65.19465042043771,74.01290282713589
1765758048.5726087,92.71787701546833,61.96796373639656,17667.353289012968,24576.0,73.91715881768795,64.16618753559843
1765758048.7726088,97.027574021872,65.76109672564944,18321.92769025551,24576.0,71.69128539710309,69.95797648765769
1765758048.9726088,96.85989162489048,52.82820543713697,17971.673998718128,24576.0,56.21641802773967,71.50608914529842
1765758049.1726089,89.48032964176164,61.00525477485588,17775.392019540715,24576.0,65.28146938101162,70.20843928843284
1765758049.372609,92.85694680588688,66.24076551537263,18147.195409152817,24576.0,63.36795513381139,68.18100887493584
1765758049.572609,93.67001264163015,54.38256507791753,18612.591977472373,24576.0,70.1349685653011,70.0263228408794
1765758049.772609,90.6256378731111,58.28156772943974,18038.495447467427,24576.0,57.448280153088774,69.7164347067348
1765758049.972609,94.04861953122372,55.98344812662725,19958.800524630744,24576.0,66.89895975900602,68.3576009500205
1765758050.172609,93.3964222332461,62.43240815914834,19487.353949894386,24576.0,57.130702069261375,66.2633473051929
1765758050.3726091,98.5552016313966,60.428354531947946,18722.22810445518,24576.0,64.94198364708514,67.76991774070547
1765758050.5726092,95.46168117933867,71.37170591663352,21537.773318451014,24576.0,67.36786588937896,67.75533617718794
1765758050.7726092,90.67600873465474,67.49309187435969,19308.805546653522,24576.0,63.36280901699696,66.67060948402772
1765758050.9726093,98.06104810971183,65.43068230718822,16682.59311810152,24576.0,65.56732589126842,68.71041760220656
1765758051.1726093,100.0,73.2138011249255,17930.768013221237,24576.0,70.26968608126259,68.43176467346893
1765758051.3726094,95.02139524422391,71.4852400225187,19840.826260923703,24576.0,65.85994877767344,60.13028303409975
1765758051.5726094,95.85345171850851,68.04586482148834,18382.511418700768,24576.0,59.084432903819554,70.69247470539634
1765758051.7726095,93.21505339122639,69.4018325794732,18738.619116303933,24576.0,58.63315728813278,70.54830922987051
1765758051.9726095,92.49006782093323,59.20097370727066,18952.417646700447,24576.0,62.920359965782595,65.16865411309371
1765758052.1726096,93.83951234020509,63.1789390464418,18524.11490909013,24576.0,68.89405649183222,66.98900954707746
1765758052.3726096,89.15290264474882,60.12215006306841,21120.897339878342,24576.0,63.82347833180586,63.376079294405855
1765758052.5726097,94.09292334938867,61.808961487379364,19042.103525220267,24576.0,61.48513404269225,70.09578643554791
1765758052.7726097,87.15907542162263,48.141281784709044,17390.19301171203,24576.0,64.57423092375934,61.60890545721409
1765758052.9726098,91.25537268469039,70.15928462812107,18087.55146989347,24576.0,67.25983254909579,66.39943677891696
1765758053.1726098,97.69352062560219,63.00283569892533,18705.559643156965,24576.0,62.274826660738086,70.63088242507938
1765758053.3726099,99.35346929343528,66.81589953437725,19338.023129990917,24576.0,66.47639232955413,69.00523577827929
1765758053.57261,91.27586312448001,64.4581220510819,16791.08665711329,24576.0,70.59659622593301,69.06229954236589
1765758053.77261,93.30317579971307,58.28388430419931,17895.56514598933,24576.0,71.08184883740839,67.90868726512716
1765758053.97261,87.45124852324915,70.109898737815,18055.343656321224,24576.0,67.05447821548861,69.99839699862616
1765758054.17261,91.03391583927528,58.674796217138535,18581.48787038843,24576.0,67.5475073533915,66.32381677768903
1765758054.37261,92.35661402359246,74.4805550642888,19883.45208540351,24576.0,58.390789552874935,69.4059104873182
1765758054.5726101,93.82895364129709,59.24396113464266,18716.44565643715,24576.0,67.53979806137498,67.405058407244
1765758054.7726102,91.74457576260612,58.300360759501714,17471.124900081726,24576.0,69.76616898238447,71.60212272151861
1765758054.9726102,94.79776182521458,66.32233583859242,19737.90416444548,24576.0,62.76516710145213,68.44069560593668
1765758055.1726103,90.58429175174527,63.78533188846855,17682.489756062976,24576.0,68.99085867291512,70.01834655540111
1765758055.3726103,87.91688688679778,73.93189214608192,20531.5960645422,24576.0,71.17109280783359,70.86787792201477
1765758055.5726104,92.71365486088835,65.75329217642671,19319.36923767759,24576.0,55.26277901506783,71.1283865438612
1765758055.7726104,94.75288050767982,70.28660531451673,18078.057944411663,24576.0,71.8219880630759,65.45492148484566
1765758055.9726105,90.50549412863606,64.21694172396776,17121.270223112624,24576.0,66.77983167868209,65.33984470774953
1765758056.1726105,93.29225901101972,63.961279126143616,18861.231558209514,24576.0,66.98850727301475,73.99889133575076
1765758056.3726106,96.23184831072214,68.18520254384912,18348.005510424675,24576.0,63.66122017139819,62.95607869532406
1765758056.5726106,88.90034783763961,69.3812749075834,18275.449522698877,24576.0,69.26896797006434,67.51574210742606
1765758056.7726107,90.4151965552744,71.764090521736,20209.885233373432,24576.0,64.56065711900678,67.16263000590456
1765758056.9726107,93.1964681421859,70.48399289018742,17734.341028855488,24576.0,63.524463207142425,70.40082789380692
1765758057.1726108,83.62989433681949,59.32238231364479,19298.45940939737,24576.0,67.81333885078635,64.12882476210085
1765758057.3726108,93.31155633216217,70.07534266032322,19778.09341464637,24576.0,55.262576694661455,67.52284913009203
1765758057.5726109,91.16574034189182,68.48921763868711,16829.63271615107,24576.0,64.36919109454068,72.28641288530672
1765758057.772611,90.44793091307,61.338184379688855,17335.825127621356,24576.0,57.18312949969282,70.34451808697848
1765758057.972611,98.0843828898383,67.7966520338588,16771.72232739444,24576.0,55.54786958327138,69.03320790160475
1765758058.172611,89.62976134007594,67.1022823202417,16517.703120200484,24576.0,70.60400061423097,65.71472780916008
1765758058.372611,94.64568343230798,71.5777391133483,20158.907213196442,24576.0,59.4084377154352,62.67296142185832
1765758058.572611,89.18627259801025,65.42244195257716,17050.667158600976,24576.0,70.2142657642227,69.42965650215989
1765758058.7726111,96.41689836078827,55.576278541407994,18078.898723451544,24576.0,66.44637417797453,62.34958490245269
1765758058.9726112,90.22669497170328,55.095971907757246,18831.368235429778,24576.0,58.76795403078206,70.48688170581647
1765758059.1726112,97.75344465834208,60.95697500447543,17194.560199829895,24576.0,58.033935979756734,74.74139688750326
1765758059.3726113,91.83541492548179,59.61936123208526,21738.009062104073,24576.0,70.9739371998928,64.92422664187558
1765758059.5726113,88.43291596555413,64.68676490356634,18259.38007817529,24576.0,68.81119666161139,69.31099805076275
1765758059.7726114,93.21030275579517,63.15948508843803,15265.95518334676,24576.0,67.70860564452612,64.07220533861508
1765758059.9726114,91.00503069486513,63.60592331636603,18820.439037330296,24576.0,68.6408490678586,63.33860029100226
1765758060.1726115,94.83964275688241,71.41392455736757,19133.39120858097,24576.0,69.12793558461856,67.22597708063208
1765758060.3726115,98.4074964171049,68.15192695372794,19823.85020775023,24576.0,69.24251337474585,68.20825507030919
1765758060.5726116,100.0,57.03590139295838,16390.129780007435,24576.0,66.31775483198881,67.8022748549222
1765758060.7726116,93.15746359604186,74.95962800786262,17711.102227573614,24576.0,61.10608532591217,76.03692856280074
1765758060.9726117,94.73067321976538,75.52578545544065,17387.452002157028,24576.0,59.92984862391791,71.44501149001961
1765758061.1726117,96.67362013706627,55.947293211346555,18689.210154366057,24576.0,71.78082841917045,64.60679384589731
1765758061.3726118,90.81647448524832,68.23432174349963,18824.181021406028,24576.0,66.97292672333629,68.94311105078914
1765758061.5726118,97.14611221850873,70.97132236683224,17655.733865486556,24576.0,67.95728140818586,68.61324996513252
1765758061.7726119,88.03320136464063,72.20549678004684,18464.238064459132,24576.0,65.78229661179078,66.80656360512393
1765758061.972612,99.07020213456468,54.49642767670584,19104.16458604585,24576.0,66.6053422320939,66.57542628563044
1765758062.172612,92.64859452658962,64.35803691532892,18951.854135716963,24576.0,67.95326173642904,72.37313772908341
1765758062.372612,90.92754264144774,63.056262618599476,15454.089518452158,24576.0,62.334061559316964,65.96978837681647
1765758062.572612,88.93848058801271,64.7783134456971,17301.895007988962,24576.0,67.5771834484917,73.91798383435518
1765758062.772612,90.3432495013906,59.838991785887444,20428.55341584721,24576.0,59.3166943673034,68.08852289906564
1765758062.9726121,84.78776972443518,51.99195852213917,18101.537477863163,24576.0,56.32458549308604,64.47981647923294
1765758063.1726122,88.48249609074598,60.64227941498012,18401.76719843661,24576.0,58.624657326287554,68.9577358889915
1765758063.3726122,90.66299808213361,56.71001398989362,18376.96030617975,24576.0,68.92182775722506,64.57332555270277
1765758063.5726123,92.5275115630454,63.39440200600621,19020.386757910244,24576.0,66.03115232176903,73.13542018332248
1765758063.7726123,86.82548204327871,64.06861946696893,18433.100039625067,24576.0,63.29969962365773,72.55096545047621
1765758063.9726124,90.31171057245624,62.5496296496247,16168.68406162275,24576.0,59.97854429213881,70.98392172309663
1765758064.1726124,98.49624638039681,59.96495738379251,18488.495416830032,24576.0,70.11624290368897,63.97467642995247
1765758064.3726125,94.99804773448383,66.78594357203137,19473.8213142693,24576.0,53.84794205374568,73.37694891885837
1765758064.5726125,90.63782168272729,64.05310892537426,18611.876014400306,24576.0,65.44126552310695,68.12504716405404
1765758064.7726126,89.67533887304783,57.74052480338442,17704.5342696118,24576.0,69.36911656655144,68.87884212676623
1765758064.9726126,92.67627272766832,70.62297847689848,18112.487403074065,24576.0,71.00792638854267,62.70280531170984
1765758065.1726127,94.88638076718892,64.67652545128905,17385.671554796285,24576.0,64.09967133089916,67.46145461529919
1765758065.3726127,100.0,71.3304705501804,20422.593590180677,24576.0,66.13750571279735,68.74627892275348
1765758065.5726128,97.84868395067603,61.42810283144434,18533.26620413481,24576.0,63.05987356175381,72.16043486546583
1765758065.7726128,89.88732451508456,75.24381927628491,17656.316820809916,24576.0,64.21696838242592,66.9789043528998
1765758065.9726129,91.07250001952889,62.338535004268586,16901.156593183034,24576.0,64.1315052708739,59.53172009062996
1765758066.172613,100.0,60.8329689103676,19578.562594090272,24576.0,63.22821783467626,67.74827761568383
1765758066.372613,93.93077764609336,68.9608314102822,18308.771212730928,24576.0,59.250847403600865,67.56316279224268
1765758066.572613,93.15499201369259,59.14831078484761,16381.311949280678,24576.0,59.548463927954,63.661469043735785
1765758066.772613,85.01880425515735,65.6731412087106,19385.025839594713,24576.0,60.391418213431486,68.29360250567152
1765758066.972613,88.01835901381122,72.18684875666776,17224.46824783156,24576.0,59.31770788906663,62.717329036023365
1765758067.1726131,90.94098062200744,58.03183736041029,20412.120829096402,24576.0,71.02969851838513,73.08892408392953
1765758067.3726132,87.6514580235777,80.34503034451245,17240.890132161785,24576.0,70.46090833036479,69.8693251649445
1765758067.5726132,93.37706836536836,69.85066025735648,19638.710708988474,24576.0,57.513387483828105,73.83513551814066
1765758067.7726133,89.66627103489787,61.22867389643602,18592.836450890325,24576.0,56.930794678794946,71.66451041435849
1765758067.9726133,91.67563632126028,56.52796934796218,20519.181129276527,24576.0,69.5290149700548,66.0344984767057
1765758068.1726134,92.54081749070245,64.86477734320881,17351.01769199636,24576.0,65.51286474590792,67.97006605212646
1765758068.3726134,90.98985590986237,61.82814358421734,16717.763930143374,24576.0,71.28396699330388,66.34707134210043
1765758068.5726135,89.37572567652023,67.75736950311465,18756.358268349562,24576.0,64.44775621194584,66.5169378125789
1765758068.7726135,88.9538805154155,65.13737426136109,18719.920894290248,24576.0,60.514306616643424,68.98236068697163
1765758068.9726136,93.8079639899202,72.45119296854735,19003.8700781109,24576.0,64.34807700916646,68.71069041290299
1765758069.1726136,97.05230995936857,73.82719409734078,19784.523676749573,24576.0,72.68923100223637,64.20559530764876
1765758069.3726137,90.40191596890355,60.93879207742946,16684.33164807481,24576.0,62.61585864989624,69.55930379367814
1765758069.5726137,95.33406592018075,66.23561140352625,18571.799565764923,24576.0,79.563221040662,69.19954335131851
1765758069.7726138,95.24928420948642,62.05007329757365,19764.589226511172,24576.0,64.7044759094991,67.6012887392683
1765758069.9726138,96.06105712050908,70.0056579759094,16458.710085969076,24576.0,56.74431011201684,74.60452509711878
1765758070.1726139,91.00754884985658,66.09262798280561,21051.227465612003,24576.0,66.1732404689342,61.953468696210905
1765758070.372614,94.30750319068943,63.612612068391954,18048.658481578394,24576.0,67.63851262350822,66.37613403418801
1765758070.572614,94.63408784791095,62.03362020668224,19150.68494521724,24576.0,58.86679690316717,65.3830056629347
1765758070.772614,99.51105815317386,66.12942156742525,16102.330732915358,24576.0,59.698189608272166,71.88033206811059
1765758070.972614,91.54389595571148,60.24495008611334,16975.14898449551,24576.0,62.99784720191025,74.94692933597359
1765758071.172614,96.74417928092579,68.25043942733025,19988.498908536407,24576.0,62.73534368772211,61.84643282481883
1765758071.3726141,98.47110993537338,66.75432209332088,17592.395352486357,24576.0,65.5887909741519,66.67732125862443
1765758071.5726142,91.7396719565195,54.45589262868232,20189.41913033982,24576.0,62.28412433295652,75.16605695925715
1765758071.7726142,88.67600641129788,63.516759549397065,17764.011571017538,24576.0,62.29420021333635,68.99130209295829
1765758071.9726143,90.99372378612513,72.810446606568,19234.67042586817,24576.0,62.61957484141481,70.01566826666745
1765758072.1726143,95.03695988567966,61.0969507737335,18511.639269464293,24576.0,64.35361208688114,61.99581714390968
1765758072.3726144,91.1906096363569,71.31955273999245,17937.190054794482,24576.0,57.4479541766203,69.06944454107298
1765758072.5726144,88.1267230785334,60.887149324141646,17980.7858028856,24576.0,63.38460533341656,66.88730309654804
1765758072.7726145,90.42880959528603,68.63289030100971,18102.843820474456,24576.0,63.88087358198718,67.69639293350563
1765758072.9726145,86.22621679797157,62.96934209004792,17762.01962075006,24576.0,67.48741218096853,70.50763974263016
1765758073.1726146,96.1756515627532,67.11038370258335,18358.840831952355,24576.0,64.794859471767,64.66019978326489
1765758073.3726146,90.0367756215,64.81604988169708,18840.12003973983,24576.0,56.89381587086601,73.6436420945396
1765758073.5726147,88.90876419472386,61.41228961663266,17789.270099518755,24576.0,64.68322322641694,69.95093470355532
1765758073.7726147,90.82133081275981,64.11892694616297,17604.09714512071,24576.0,64.03481795267048,62.89715699888216
1765758073.9726148,93.81871058540962,63.17518302130428,17673.235380622515,24576.0,64.05525487957426,66.85838696052662
1765758074.1726148,96.56961822115036,68.24809903928399,21238.018963079692,24576.0,67.4468811639943,69.35421083299696
1765758074.3726149,100.0,53.0682056371469,18125.582815756075,24576.0,62.512048534995294,71.55903870804737
1765758074.572615,94.22689173006982,56.847007342098465,15685.048630187324,24576.0,57.67551317515108,67.36752960818903
1765758074.772615,86.81029163121651,61.87320493021806,19263.2511125289,24576.0,63.51167792771229,64.80195530192694
1765758074.972615,87.89194165321425,65.56058298693205,19800.560704018004,24576.0,60.55021364485829,68.49033869091535
1765758075.172615,89.96945293014377,68.15097811787555,19691.449003865113,24576.0,62.90611007769421,68.77795544602242
1765758075.372615,93.88431968563263,71.90753911274757,19272.248187373316,24576.0,59.01687639676091,65.1098323587127
1765758075.5726151,90.9595997624395,55.96911539971282,20714.585795829007,24576.0,63.79344277237618,66.92300885998614
1765758075.7726152,96.27681729599426,73.87132748677158,19601.48134236973,24576.0,70.58198889770009,66.39059928978764
1765758075.9726152,90.24987285826091,57.57335344012077,18285.15256326027,24576.0,64.42120714370492,70.3608566637286
1765758076.1726153,78.66246860088393,63.17346814317938,17629.749924738833,24576.0,60.51188619263397,62.855239109722866
1765758076.3726153,88.68013237535675,68.83575296180382,19258.53740361332,24576.0,66.21059316959322,64.04738101100033
1765758076.5726154,94.73177930748277,77.67907224102728,19365.448695396095,24576.0,59.02821145279654,71.54144390140291
1765758076.7726154,97.79615302875814,63.29969611856059,16771.123170810162,24576.0,64.69795383488743,65.02611670105742
1765758076.9726155,90.27361854711468,63.96983092329961,16904.988106965007,24576.0,73.65898103290517,73.54422851979191
1765758077.1726155,97.01478329428171,66.81655267862472,18664.315088792377,24576.0,61.962371174009,69.64214001682078
1765758077.3726156,91.74164065282699,69.12433002766667,18595.952381032006,24576.0,59.81535586417685,64.96193465395098
1765758077.5726156,85.23848509956964,61.029710278863476,19462.63175158477,24576.0,64.19383718163796,67.67973139863206
1765758077.7726157,91.99429144231279,71.50494501691077,18267.77133652043,24576.0,58.841720752388824,67.90424441922492
1765758077.9726157,89.36621038431977,55.26640625938041,19779.12568339105,24576.0,64.18921213765488,75.44924822806982
1765758078.1726158,90.99519791394953,67.62136957836671,17773.185782250635,24576.0,66.11283929973666,67.51998323488868
1765758078.3726158,91.58683810631958,66.123536740071,18165.037262352693,24576.0,62.34517405831847,67.63435799929054
1765758078.5726159,87.32572845659752,65.57746640809941,18113.715968308516,24576.0,75.62525393304676,72.56075858073577
1765758078.772616,98.3621546680187,74.20765134437926,18008.74508997952,24576.0,70.26243253548024,65.93183235052904
1765758078.972616,91.59200671026443,66.66944160757896,17745.962113097412,24576.0,64.59150533486364,68.0837107992184
1765758079.172616,87.57576553151164,64.65016187360389,18460.02238106932,24576.0,58.98020905473834,68.7304961867475
1765758079.372616,92.81828094221297,71.78797911710322,18410.43575066801,24576.0,61.47344100991572,71.18714198302072
1765758079.572616,97.61724681082421,73.32919183612798,18337.11902946291,24576.0,51.09832372146731,67.91301712096538
1765758079.7726161,89.84286023651828,66.15854846325729,17623.377938738842,24576.0,63.08224976432619,66.64065465489769
1765758079.9726162,95.56881626618309,65.39948797821543,16857.013298703263,24576.0,70.17473699583145,69.57457857919081
1765758080.1726162,95.79221719043167,59.77609425487744,18164.04670652662,24576.0,65.26172117045569,68.9845871309432
1765758080.3726163,91.07606810671777,65.9092187557858,17511.33604144975,24576.0,75.58221448517254,64.16622243641629
1765758080.5726163,90.78575142396818,69.23996377619336,17626.69970397519,24576.0,68.41477490746627,66.73424118379252
1765758080.7726164,96.63018226328768,65.23021640843064,20618.32018721674,24576.0,66.6427558469844,70.17925193044631
1765758080.9726164,94.17712130443343,56.46960767333751,18601.056425003957,24576.0,69.46677005317349,68.70982681209361
1765758081.1726165,95.0722674131634,60.426531465599375,19094.281094778744,24576.0,61.38265221782469,71.12149055874283
1765758081.3726165,87.75016898395984,57.39962641036571,17460.57317827727,24576.0,63.714566371133316,73.39513765990976
1765758081.5726166,95.23374348383817,69.17314035423998,16949.352467505614,24576.0,70.78943260553697,68.18202419756685
1765758081.7726166,100.0,67.46944697355971,17386.237293588547,24576.0,66.69413477302153,66.98688431935685
1765758081.9726167,91.10770888214176,57.34878890891624,18483.99104227097,24576.0,57.4210472842968,63.1432607951295
1765758082.1726167,90.04628149319022,72.83637973658455,16465.17374873928,24576.0,62.84908347304899,71.18838937230689
1765758082.3726168,84.98413119732938,67.33671804351714,18017.908971804587,24576.0,59.9664905424193,64.48012087712497
1765758082.5726168,94.23380393501442,64.62294006986527,18677.43163082551,24576.0,62.362544668635636,66.8498374004935
1765758082.7726169,87.88717528729373,56.858774207757655,20978.269453255114,24576.0,70.89513891797236,69.29836098235201
1765758082.972617,95.27141240604666,65.13460451043487,17205.014817299336,24576.0,61.052428704871076,66.15633392844325
1765758083.172617,92.95260715054289,71.35698915446862,19706.708184100306,24576.0,68.97689489295074,72.8157603259725
1765758083.372617,88.40014743646444,68.70215547578093,19256.333343458125,24576.0,68.7085045661433,70.14001496600456
1765758083.572617,93.36982445658873,50.36468093029906,19277.192768708617,24576.0,62.22174087739127,63.248613052957495
1765758083.772617,90.8070354725812,63.22406362414364,20044.544216510963,24576.0,54.69690515221647,69.88809215172212
1765758083.9726171,89.85286924941732,66.01741108340602,19626.33907982823,24576.0,63.609019237501265,62.97049521818573
1765758084.1726172,93.7662256047159,59.75880024213926,17674.264471712675,24576.0,59.53653436095411,61.88466518671693
1765758084.3726172,92.30837567525076,61.8443408329652,18949.63183661682,24576.0,66.96916894818196,63.817140442922565
1765758084.5726173,94.47321585841397,68.4767244882414,20134.121461913604,24576.0,58.84439131505829,69.2570368283141
1765758084.7726173,95.16444712257875,73.47022939827772,17881.49421100319,24576.0,68.40954132819137,69.48679463793817
1765758084.9726174,84.78479806825878,69.98121255377117,17727.508525691293,24576.0,68.32196608090018,66.70498529633447
1765758085.1726174,95.12855907239641,74.24408152894935,17765.86346935962,24576.0,64.63842353667856,64.51645377109023
1765758085.3726175,90.31511971787837,64.57351291861524,20093.738810535902,24576.0,77.06232087755866,69.67366501113628
1765758085.5726175,94.6093127989976,65.73029520651428,16734.213094593542,24576.0,69.34882355379095,65.52629249781408
1765758085.7726176,95.59725174862243,55.14418826147333,17010.213489955415,24576.0,62.46933381828305,71.54284717724693
1765758085.9726176,89.2701114715305,67.19065592573273,19231.98603667324,24576.0,68.94956943989901,65.19345319030455
1765758086.1726177,99.68769415257488,67.32826433783265,17728.67089494133,24576.0,63.12735654508869,69.3233381238783
1765758086.3726177,87.0794759155659,66.91890434940517,17890.75911712944,24576.0,69.26735538213292,72.55375110328553
1765758086.5726178,95.31279303463546,63.67698635858454,18185.28412558424,24576.0,63.61016294818393,69.2765467789841
1765758086.7726178,90.27581141789867,61.67816608657807,20569.07501193763,24576.0,71.26785122383464,61.084735096389565
1765758086.9726179,96.78834904014352,64.99570751639993,17569.58351829925,24576.0,59.39148566826088,61.36775887648927
1765758087.172618,88.19460080564656,72.06798657158566,19168.342225943314,24576.0,56.85765509312974,67.52371850200298
1765758087.372618,92.70522289374956,56.6361432816484,17155.53164801292,24576.0,50.834920346658436,67.85803878901434
1765758087.572618,92.33989314843582,65.05669797012047,16225.60660405533,24576.0,60.43802537566987,65.85485023836247
1765758087.772618,93.36079256184773,71.4253652500004,17271.048123169676,24576.0,58.389791332628874,66.48440704848853
1765758087.972618,90.2035265013636,60.92762752718387,19701.423561798285,24576.0,59.55646709654438,64.87312634691503
1765758088.1726182,88.74919867781459,66.03678601253206,18379.654409152714,24576.0,62.73912932694277,69.4205288627092
1765758088.3726182,88.95451765390814,66.67070650848966,19434.044037108943,24576.0,67.77923368067225,70.05753412044096
1765758088.5726182,88.66866238455971,54.89000166226418,20118.802221877868,24576.0,64.68667318352999,68.5435979579482
1765758088.7726183,89.5052038061197,71.69680983017355,17396.683026917955,24576.0,62.94005042965298,67.076252629202
1765758088.9726183,92.73031063112985,75.2047739086014,18416.710892359955,24576.0,63.9611436086583,70.37942317855227
1765758089.1726184,88.0293064258923,79.13591527558816,17334.343913803154,24576.0,63.436960287051996,69.379031207103
1765758089.3726184,84.03694736274606,58.34031459710724,16995.380457580486,24576.0,67.71700443024288,71.30718056621573
1765758089.5726185,84.25835306723322,64.98498297271593,18939.470992465474,24576.0,69.10467948366266,68.03614074101553
1765758089.7726185,91.13220006770403,66.33317966288493,19309.503643670512,24576.0,76.70201666794584,72.64698846100703
1765758089.9726186,93.38844052490278,66.5713994764039,16560.65824412698,24576.0,66.90283541600517,64.03215328501227
1765758090.1726186,86.4187732626777,58.386008589567496,18645.03502105838,24576.0,75.48562922966427,70.4498505024557
1765758090.3726187,88.70855178551844,56.16211788289026,17108.57556104652,24576.0,61.91252047926018,67.73910048370853
1765758090.5726187,88.45727098584112,63.78926886263529,19394.814014582,24576.0,63.978118135228485,74.1779532074743
1765758090.7726188,96.36632598881525,60.15597766483459,18956.218646433,24576.0,67.06972201062547,66.30442415427706
1765758090.9726188,89.36173247723274,66.4879476302784,19687.649196011942,24576.0,66.0921712253876,63.69480627171218
1765758091.1726189,95.75839409067582,63.12864630015542,20098.479539293872,24576.0,56.52599785968139,70.20927243919009
1765758091.372619,89.5568498383803,66.1895373264107,18098.2933200694,24576.0,69.30586765121892,64.81041009045315
1765758091.572619,91.00887359845912,73.40313043581213,19393.033320272083,24576.0,59.743133382715676,67.35505937127616
1765758091.772619,91.7093765636606,63.30444865047001,17002.85740778036,24576.0,59.7174344707218,70.9083662905081
1765758091.972619,84.68614304403093,66.11036046657334,17843.338956509335,24576.0,74.59882906041423,62.961483912464516
1765758092.172619,92.34075111425437,64.77407330568283,19694.904538939034,24576.0,52.36502405718147,63.77476774783138
1765758092.3726192,91.70594940765177,60.73803163775792,18314.867999691876,24576.0,55.32019630431087,73.80527516966515
1765758092.5726192,92.85073532819715,74.14109247016879,18333.72978638238,24576.0,64.93667189172646,69.93281217313952
1765758092.7726192,89.91791449823123,63.295619600338725,19538.364570800484,24576.0,53.34242915683396,71.95846375453165
1765758092.9726193,88.09968045664226,53.53120378373042,17671.24929587277,24576.0,68.25717001043232,75.43990726165396
1765758093.1726193,86.23847424126447,61.43329331961405,19740.150232695007,24576.0,69.03464192794087,70.71632401035959
1765758093.3726194,91.82971794024614,61.778739400535656,19733.214830838057,24576.0,77.92325361996073,66.10125584596541
1765758093.5726194,94.43595148813571,54.6242139184379,16179.871246667459,24576.0,62.45668673617476,68.13898946398514
1765758093.7726195,91.51177271886978,56.25012305278715,16419.55289674799,24576.0,65.48485770433955,63.52600335055923
1765758093.9726195,89.10150568370389,63.2114789732219,18859.515849548625,24576.0,63.319997087614325,68.89480096478619
1765758094.1726196,85.8202672843518,79.91771365945266,17734.473383408054,24576.0,68.68657497729487,68.92557009147707
1765758094.3726196,93.88105448125916,72.6378663298203,20409.980936502438,24576.0,64.09511591562237,67.87541400747851
1765758094.5726197,89.05562629416029,64.70708044677492,15776.609062380114,24576.0,71.14946247851918,70.8336654111599
1765758094.7726197,89.31385440336969,61.421218971704874,17775.084531667453,24576.0,74.00709310312507,66.83749204614197
1765758094.9726198,90.09144651374409,57.36067665600213,17896.256216322625,24576.0,57.451675325468,73.27596747699981
1765758095.1726198,90.91553926939474,72.22015933217699,16279.859211617071,24576.0,67.15014299892536,70.97891459134603
1765758095.3726199,95.37786589860062,65.28713957243741,17071.175848651994,24576.0,68.84144843449526,67.24594624738764
1765758095.57262,92.03914368113104,60.86259580322789,17808.085197659384,24576.0,61.38701623266961,64.3906837890505
1765758095.77262,95.05621263030083,65.89166315072225,18170.30306992703,24576.0,68.43719962840233,68.69456568599242
1765758095.97262,91.07040063676543,66.15484308726978,17127.93974638355,24576.0,73.00919173812954,66.82355129779353
1765758096.17262,95.85674895640689,74.97836956844509,19402.896853415437,24576.0,71.43517339171163,64.68329497833733
1765758096.37262,86.77316274045963,62.07769681500988,18480.418369321644,24576.0,67.80917631252045,66.6474528801087
1765758096.5726202,92.26198070983723,56.14744630720743,17629.821592699518,24576.0,69.36107943087904,62.337494737217085
1765758096.7726202,95.75260248490376,68.99578348733843,17664.92053051931,24576.0,62.013440497367064,66.4325061262336
1765758096.9726202,94.03684997922096,61.127418390147795,20241.216214168242,24576.0,62.26761268085223,64.1423336743442
1765758097.1726203,90.57147146898387,63.35681609917645,18800.762704209694,24576.0,70.11983457036003,67.494611445995
1765758097.3726203,89.14026925844473,71.92939405371362,17594.02139874363,24576.0,67.21853095987446,72.37687609964058
1765758097.5726204,95.92255189300943,68.42703628436571,18362.803956423646,24576.0,70.46451622099931,66.13646215114319
1765758097.7726204,85.34389528221318,60.537213373079894,19594.791560085803,24576.0,63.426381115442936,66.93810257361159
1765758097.9726205,89.4720546352268,66.6276761784606,16511.529392469274,24576.0,73.19132941384748,68.02206867313527
1765758098.1726205,100.0,59.47337980409702,16220.48617217128,24576.0,63.14322555790393,65.80472797294522
1765758098.3726206,94.87825168516311,65.59509196107943,18743.827318150805,24576.0,62.66182073641244,69.72411589630232
1765758098.5726206,92.79616675841162,61.40620270222481,16580.279491697795,24576.0,78.13526819365562,68.70590435373019
1765758098.7726207,94.8038281180952,62.02896453423992,19214.180084025164,24576.0,60.30676987847434,65.56404810554687
1765758098.9726207,93.06722867772672,59.5555083932321,18326.548242711648,24576.0,60.12982314821652,63.7803589183181
1765758099.1726208,91.86693385711744,56.503240093405665,18699.108145898314,24576.0,57.56208417823795,72.74095323627124
1765758099.3726208,83.57944898868436,63.95210689464478,18549.078234421006,24576.0,61.82969465914056,68.68636410214556
1765758099.5726209,94.21998364731141,67.55179039428576,17915.691531143562,24576.0,67.93493264051925,70.91979720826329
1765758099.772621,93.31968439835032,69.4317483450643,16430.363928815597,24576.0,65.13868937036234,69.96760830086548
1765758099.972621,78.50469998411383,81.55405168901481,18300.499255563645,24576.0,66.00198163699169,65.91281724838439
1765758100.172621,96.43920268861687,56.94671512112324,18869.261442332387,24576.0,60.061599790493105,68.85954070956079
1765758100.372621,91.18259807921336,56.322605784444534,17130.965794768275,24576.0,66.9785102368266,70.778001687936
1765758100.572621,91.54947796086486,59.887314377758756,17102.908560993892,24576.0,62.3111193914805,66.21650867895139
1765758100.7726212,92.14131376620746,62.587894568136534,19086.770831881928,24576.0,60.105646085693124,61.627548060413545
1765758100.9726212,92.98387126275153,58.799437724097345,17324.272837047072,24576.0,64.15175789157216,73.26783514146013
1765758101.1726213,94.78429627195872,60.834318357532,18631.263542038836,24576.0,61.86339767096053,63.87951739189534
1765758101.3726213,92.1352271492639,66.960860599795,16454.537468665712,24576.0,73.45559264501465,65.94865654931942
1765758101.5726213,87.38302739978096,69.95531095507303,17819.418173520568,24576.0,64.77427035152535,67.51219533185005
1765758101.7726214,100.0,67.13978902883096,19343.98983396542,24576.0,59.09697851998083,71.40579089317156
1765758101.9726214,100.0,68.04393539687932,17233.753317258157,24576.0,70.99890768857155,67.75573403452108
1765758102.1726215,91.59620401061244,66.328248260015,17628.887717169044,24576.0,66.62751569035134,69.32178906447498
1765758102.3726215,91.40302799344732,61.237878295716854,18041.85312565156,24576.0,65.32947289540422,66.80121710219687
1765758102.5726216,92.26895429947669,67.45354093438883,17292.280258570197,24576.0,59.547925588488866,68.3774229756841
1765758102.7726216,94.93925875593695,58.69850581226662,18462.210760538735,24576.0,69.17893145918549,67.23615337839438
1765758102.9726217,94.51473598747792,60.38040826492685,17407.406471787686,24576.0,56.22307447051914,68.84657790159208
1765758103.1726217,97.022518384362,64.11849239443069,17973.885695983194,24576.0,58.59068107113765,72.17225753119878
1765758103.3726218,82.12151078182525,69.39849247396062,18444.651482726993,24576.0,69.91264383432615,67.4697312665895
1765758103.5726218,88.52619983350475,61.588845550121455,17160.181568260705,24576.0,66.05079345326297,60.03369643701572
1765758103.7726219,93.89580073173927,56.35633694777939,19010.124351261806,24576.0,70.82287176245254,71.40195948658614
1765758103.972622,87.45208548970386,76.04621984064418,16831.119740730283,24576.0,63.63478202868121,70.71859640411401
1765758104.172622,82.90552398936694,68.66391403773876,17767.5767159587,24576.0,66.86814610606868,75.25937148466085
1765758104.372622,89.79015370610178,67.73171262631706,20321.310146914002,24576.0,72.42687845622414,66.08468633975419
1765758104.572622,95.18884824773123,61.94718038790148,20837.045371987744,24576.0,66.37442236984533,67.5017969628987
1765758104.772622,98.51693603209364,73.05865614685789,18561.756683617536,24576.0,58.60848159722883,68.23403145147671
1765758104.9726222,96.0250279731614,71.98774604496384,19465.37646451598,24576.0,70.61281600569774,67.1839702309551
1765758105.1726222,89.40430264529572,66.88805734307043,20753.071095580723,24576.0,73.67763488608136,67.0033296547096
1765758105.3726223,88.27981080962199,66.25697190140261,16056.428100772195,24576.0,65.63203250285993,65.31953238792919
1765758105.5726223,94.56887166859119,71.12472387667226,18581.071201249048,24576.0,65.62710294176652,67.66137606931389
1765758105.7726223,89.75007343156476,70.84233319740633,19109.419072228557,24576.0,58.155758126066715,68.3393413966407
1765758105.9726224,90.80777878600854,66.25508146701456,17987.15713264411,24576.0,70.03253527908588,70.55004972286632
1765758106.1726224,94.6518560865617,61.35785090883873,19993.034387102918,24576.0,58.856195013890506,62.231624128303395
1765758106.3726225,95.21160123327708,59.9235443622841,20347.160458021586,24576.0,56.148177822780696,64.6563952759742
1765758106.5726225,90.77985291240401,74.92080997405537,17818.462747041096,24576.0,66.59196899164705,69.23279092318631
1765758106.7726226,91.25559280042194,67.78057463410349,16959.566764678362,24576.0,68.1067623005133,68.15037865955775
1765758106.9726226,93.77694119371063,67.76168509492281,16896.278952760244,24576.0,59.776356928303215,70.48888082538127
1765758107.1726227,94.96495292985655,60.46148145422037,17561.4489173881,24576.0,65.35237413476415,69.66527256027476
1765758107.3726227,88.60259928628865,74.08769062856446,19353.498311285974,24576.0,58.30277609803587,63.707798861997055
1765758107.5726228,89.66441404518835,70.78057322279206,17340.54619166856,24576.0,70.47880835965938,71.58893621114464
1765758107.7726228,87.45672059842575,65.59696172683965,19836.082955486505,24576.0,60.59462392996049,68.18961633304332
1765758107.9726229,86.81034441481596,50.062777919575375,20395.64797375525,24576.0,72.59407699139622,68.67016438057377
1765758108.172623,94.25202405636315,72.35223474985494,17834.88126173325,24576.0,56.63467254104977,70.93572056721898
1765758108.372623,94.52300184225518,58.01205289024812,19771.99903184729,24576.0,63.81001293962707,64.17914602611346
1765758108.572623,89.95366365983435,64.36473582460864,18040.450497292433,24576.0,64.86024433375833,69.06517983599106
1765758108.772623,92.53742603987686,57.20184652862626,17102.50699925026,24576.0,63.62767739952503,72.96480969469388
1765758108.972623,95.77857193866953,61.08064570064733,17568.892713251324,24576.0,69.28133415416406,70.91943663992551
1765758109.1726232,98.6907429344073,58.97140353414468,18538.2157818726,24576.0,58.85134031281808,66.33248934741982
1765758109.3726232,94.1300171946857,63.37066777458943,16732.885691603766,24576.0,65.69135242221455,66.43306740213777
1765758109.5726233,98.37423547141324,60.84334618764899,19330.02552347642,24576.0,65.59970045017133,63.6007436417722
1765758109.7726233,84.33227720084139,73.99297439354528,19686.0398703721,24576.0,65.43338733792005,67.25007481767335
1765758109.9726233,93.39531231581307,77.24491709135773,17980.346113862026,24576.0,64.72785956823867,67.44296131758664
1765758110.1726234,96.87966826387776,58.74529759380583,18004.362738889515,24576.0,62.702288776209116,68.72108009032817
1765758110.3726234,94.90007754469015,67.41292348996606,18094.34824427824,24576.0,65.91574044484868,68.71685098944502
1765758110.5726235,96.13572813264297,75.08291647338987,19171.751655382628,24576.0,66.99142092885656,62.867114241096544
1765758110.7726235,93.4274900279863,64.65914667840602,18632.54807870526,24576.0,63.091264688318766,69.57485962628125
1765758110.9726236,87.93319301172477,72.03846173608386,18785.90775083386,24576.0,67.61794583075519,66.96003575797765
1765758111.1726236,91.9391362500749,58.61962099170436,17070.648845872096,24576.0,55.12116021042539,70.19395664707608
1765758111.3726237,95.29819843140078,62.37050602806258,19606.452569228146,24576.0,77.82545878724854,75.41548702032844
1765758111.5726237,93.49223600677564,62.163968629034336,19686.71578111197,24576.0,65.6435511111928,71.5254194666724
1765758111.7726238,91.62773762715966,65.62045893700132,16993.48634183513,24576.0,61.46724129509069,70.25652857547821
1765758111.9726238,95.24265641123341,69.28902831737118,20289.079235018093,24576.0,69.26414504122984,67.2505102185473
1765758112.1726239,92.23098635567655,60.951229539393296,18319.97036823885,24576.0,60.89761875011101,69.76234593952256
1765758112.372624,95.72188234344029,65.75293510971014,15913.990963662729,24576.0,68.47170132613655,62.06725344866217
1765758112.572624,93.96456045343777,57.896071033299926,19831.171014516785,24576.0,70.73583731734162,61.77381052765662
1765758112.772624,96.19895122260219,54.855836326156606,18714.75570197577,24576.0,69.19791883779631,63.52765705565017
1765758112.972624,99.20665691568897,65.37087128617742,19791.314350615787,24576.0,61.613233669772015,65.25720027740688
1765758113.172624,93.31956290182447,55.50066474271485,20129.24797250938,24576.0,70.1431819977938,68.00036451142556
1765758113.3726242,95.70977826084162,62.05679586626613,18415.2052115745,24576.0,72.01192970961696,68.98966175564716
1765758113.5726242,88.48277938625176,64.32705662223206,16698.916978350968,24576.0,66.8866565625133,69.09619763942506
1765758113.7726243,90.3538725399167,67.38575329775436,19758.384191972167,24576.0,58.73482542267899,69.88998672630008
1765758113.9726243,87.51069393109157,57.795179751422374,17589.71325048181,24576.0,65.31284451968178,70.13950113190452
1765758114.1726243,96.75323694341509,66.61330695537197,17814.497426255708,24576.0,59.925899782029276,67.5351349659878
1765758114.3726244,89.06517881457427,68.85405234744893,16942.68318584906,24576.0,63.49427870346739,67.14417245961641
1765758114.5726244,99.1976387029038,63.29979694777667,19859.154992827822,24576.0,58.889058801337384,72.21417314032257
1765758114.7726245,98.19272132589178,72.10418798700333,17740.77646740165,24576.0,62.68322780604504,64.10885701014892
1765758114.9726245,82.86788563710141,51.78690610417277,20662.480611635612,24576.0,57.12136139385056,70.54043690925218
1765758115.1726246,87.26464150321051,58.48272430707703,19397.591900705178,24576.0,54.979707904489274,65.85719095943598
1765758115.3726246,94.85795207218413,63.22010088133755,20037.991194103433,24576.0,69.67792619413103,63.1011787637446
1765758115.5726247,85.93380318537781,61.344147677516226,18326.191846231584,24576.0,57.40397366273713,63.15657928320942
1765758115.7726247,89.68436005002388,60.3119331102469,18698.643952891212,24576.0,68.64877476304255,66.78359037961455
1765758115.9726248,95.96189225579872,69.73447262591631,20050.618499231943,24576.0,66.7329544606262,69.23432028775669
1765758116.1726248,98.56696642175028,69.30762010262633,17904.352327827506,24576.0,70.91507643730272,66.62666634676557
1765758116.3726249,89.33527661018961,70.73608766420415,17864.258070555974,24576.0,64.47288003793551,67.44361234966999
1765758116.572625,92.30385790316464,58.77564672995118,17662.461164784356,24576.0,72.48627917139139,68.2670934532477
1765758116.772625,90.8154238417315,68.08550164174444,20357.218834693194,24576.0,69.95052989807179,70.34622606949168
1765758116.972625,91.20175716501103,56.060918483198925,16457.121014553533,24576.0,66.11797948275525,67.27062229832858
1765758117.172625,94.17896671388249,62.02033236350201,19220.20413380202,24576.0,64.6365353787984,68.59856831761307
1765758117.372625,94.78840566027455,63.58328915263544,18117.993339073866,24576.0,69.41542198697859,75.43517883349234
1765758117.5726252,84.75705394727467,65.28259202373965,17349.881248663733,24576.0,68.54704505159435,63.04314338286661
1765758117.7726252,86.7105386517014,62.91162634336279,17479.797884008716,24576.0,56.44325248619934,61.875390342843616
1765758117.9726253,92.27816766459213,68.85294711086767,19263.19998297912,24576.0,66.7858330361885,68.36645807245027
1765758118.1726253,91.90889390045501,69.29696281051511,17799.634873363524,24576.0,66.5654711234769,68.37095646683241
1765758118.3726254,89.77484763145004,63.8467871239253,18469.84888633903,24576.0,60.28683667679425,68.12584538558916
1765758118.5726254,93.38522865338653,57.59624432511938,20325.812279531354,24576.0,69.37122444851012,58.15725250161326
1765758118.7726254,92.33994163182216,58.097854005647086,17481.397895210495,24576.0,67.34354877262437,66.96411406677028
1765758118.9726255,96.09440470809717,60.97618447905856,18007.287906570582,24576.0,75.4125707164373,68.32068606166676
1765758119.1726255,91.53866951590248,68.9634708298794,16723.981018524293,24576.0,59.817133401877626,64.58133917650592
1765758119.3726256,92.21496960156907,63.36258299455807,18490.827126537435,24576.0,64.51272672466813,66.96390892725813
1765758119.5726256,92.28995505845786,58.33791655998745,20100.567955980565,24576.0,62.88859703496574,66.506087151557
1765758119.7726257,95.29730604770658,72.51631289549798,20984.796002995878,24576.0,67.48064999961206,71.5559045757365
1765758119.9726257,93.80728796487826,64.04677563889446,18502.69694607277,24576.0,71.15364299613096,70.9903895000003
1765758120.1726258,92.99740762666238,56.917929459529184,18279.710050221525,24576.0,59.945075846803356,64.6250145094091
1765758120.3726258,99.28904130253866,73.9424335322991,17255.09013512909,24576.0,59.99939706644244,69.63344424062
1765758120.5726259,94.62213815969454,60.72348017761081,16691.62285330002,24576.0,65.01417942391141,68.63761356180059
1765758120.772626,90.02851916885771,73.96889726760236,19239.08662574693,24576.0,67.25429179579382,64.95732358183562
1765758120.972626,85.41374161363383,67.28186670489832,19382.151535639532,24576.0,65.30831517110927,64.32902734321351
1765758121.172626,93.29744087551168,74.63000588051283,18093.72081009188,24576.0,68.0148795952374,62.4019161687118
1765758121.372626,91.70364477075557,72.12075866108219,18363.161581324883,24576.0,62.063582674580864,72.28645988722555
1765758121.572626,98.81396312483602,71.15806393231107,19941.817852762695,24576.0,56.93587173549335,63.71837567867576
1765758121.7726262,87.11865843580942,58.89799368160095,18868.84616131993,24576.0,59.96650675984422,67.87121254393833
1765758121.9726262,95.08874770373772,59.3265682336105,18291.525222631095,24576.0,66.986658650971,62.92924265980633
1765758122.1726263,88.80467414126794,76.10257540533027,18513.35061139612,24576.0,61.70612503650743,64.24645964290303
1765758122.3726263,93.48630664199014,62.33688700721351,18459.34686678749,24576.0,62.0954472314902,69.48119450554076
1765758122.5726264,91.82534699331418,67.57245773091702,18617.758327172363,24576.0,66.08805958031841,68.28676461465484
1765758122.7726264,96.26474907453917,62.67919419946835,17879.14759316819,24576.0,67.0377231609917,70.09528275056945
1765758122.9726264,98.66388762127548,75.65582854804607,19699.937297837685,24576.0,73.58458344335537,60.71210282121839
1765758123.1726265,95.0446899569306,70.77124565534237,19220.474610538124,24576.0,69.13865380213738,74.29350000560464
1765758123.3726265,88.99679297640415,56.0286334407635,18807.9268892767,24576.0,63.0848277575766,72.5226993577901
1765758123.5726266,89.24767696850331,69.05412728466813,16050.369060127927,24576.0,68.45554919867523,66.86752136618455
1765758123.7726266,92.56976730406237,66.4629798115956,19891.077060434713,24576.0,54.652098811609264,69.8496347480282
1765758123.9726267,88.90639922282845,66.54209767518283,18560.109393018865,24576.0,75.18292830446998,69.53055771985879
1765758124.1726267,95.01546220956176,58.86739854273693,19659.005285940137,24576.0,65.60694244996739,67.30544977226698
1765758124.3726268,94.15827869243724,69.40773054348786,19733.406569105187,24576.0,64.00160292208584,67.67029435541787
1765758124.5726268,98.20739831243098,69.64904983161485,19041.586152766726,24576.0,60.31466435805303,70.83946335324524
1765758124.7726269,95.59918569637759,70.3079982679033,18837.00098786371,24576.0,67.31456274464745,66.46651195556649
1765758124.972627,96.48405464183355,59.276420439562216,18547.01983702682,24576.0,67.43817724978022,65.52305921989665
1765758125.172627,92.96830188236937,48.00609235369659,19975.65196738423,24576.0,66.48173696699426,65.22638488292363
1765758125.372627,87.34120015366318,72.92882533552277,17172.11374462777,24576.0,64.00060849395356,74.73650080001521
1765758125.572627,91.90430720017488,69.95738775723606,21370.119450122045,24576.0,73.18678033640408,66.78431390484205
1765758125.772627,94.63506345771222,78.35734464176741,18807.558617347262,24576.0,59.69930745634426,64.69738391803335
1765758125.9726272,91.14509054172271,60.27724110677661,19373.521514686086,24576.0,69.80120437889246,68.34525805411604
1765758126.1726272,93.18476278333192,72.11783599978301,18491.3906102121,24576.0,67.99213260809682,68.34022644428904
1765758126.3726273,97.18845121703767,65.34013028220215,17529.625766851717,24576.0,61.5265686318108,69.07088229199586
1765758126.5726273,96.46016525560562,73.53646246257848,18588.518852645415,24576.0,62.660461763335036,72.97878239040442
1765758126.7726274,95.7928370935599,68.47549335037083,18642.20981863093,24576.0,64.51788991820001,66.68075277094533
1765758126.9726274,90.26153687091207,70.97212792282217,18489.077930888903,24576.0,67.7165284632537,62.30058146036937
1765758127.1726274,86.53600749251224,57.487884205313065,19583.711872955566,24576.0,69.80136924204464,67.60283045647134
1765758127.3726275,93.06342515139914,55.62206449550388,18213.631686978268,24576.0,69.2935842348176,62.41171160629106
1765758127.5726275,99.10424335777817,61.97953339302651,17695.12925744938,24576.0,63.90382940612857,70.75795402857301
1765758127.7726276,88.82898560284836,60.321997519738524,19095.332546597965,24576.0,73.98197726580914,62.53986862884195
1765758127.9726276,88.46342537369907,70.58400541156078,16532.34856119351,24576.0,70.32454162816619,69.38898360382672
1765758128.1726277,90.58474769197423,57.255422801147965,18011.427072982075,24576.0,64.71656483358242,73.8131643734366
1765758128.3726277,88.72621975225418,80.21318125975122,18518.912448749303,24576.0,64.1776430949198,73.46754667239482
1765758128.5726278,87.66429391071732,71.25586875650613,18377.485199989515,24576.0,71.42830602293427,68.01361683806037
1765758128.7726278,83.6510557292036,63.76866731173827,18050.351713968776,24576.0,64.48009749102813,68.13282620499558
1765758128.9726279,92.39017086999893,59.96683773069669,19172.86580594948,24576.0,62.657642535686556,69.56655281215428
1765758129.172628,97.79840341364202,71.86318519170287,18260.86634781009,24576.0,68.73696049156112,65.63460556636265
1765758129.372628,93.53358038625544,70.13647291200125,19407.76753980662,24576.0,71.64071789084208,72.683401085532
1765758129.572628,89.38459398442055,65.41442381412264,19808.93684992045,24576.0,70.70529093647136,67.73490672627558
1765758129.772628,90.08259527251158,59.39346021276393,17118.358521421185,24576.0,64.3739259448124,68.75157059927002
1765758129.972628,91.6348223127186,66.23297451981672,17055.120812850124,24576.0,66.41809822650262,65.54242589512516
1765758130.1726282,88.8611707239873,52.19125468120135,17125.81941353868,24576.0,69.69488538827171,65.62492454815428
1765758130.3726282,89.49798651521995,63.882229296488646,18378.001405009425,24576.0,65.28199559866569,68.95744884860207
1765758130.5726283,87.84635388501466,61.816178287719765,16543.443426936337,24576.0,69.8499872458281,67.41205494959625
1765758130.7726283,91.80068551370103,58.58410681420736,19290.18680621916,24576.0,61.748639352763554,69.38490932003626
1765758130.9726284,93.09947994762493,61.393860744778685,18237.419377354578,24576.0,65.8755656176574,75.15565635930224
1765758131.1726284,100.0,62.48920726740754,17111.637997120186,24576.0,62.803776748958434,69.89502742154207
1765758131.3726285,88.21311518455808,58.614569102293274,16845.219603522102,24576.0,70.17456795091488,68.3774364675671
1765758131.5726285,89.87274990888633,75.04588349320014,17018.07042548935,24576.0,72.13333324286097,64.66505422388333
1765758131.7726285,89.27027240881452,60.46988310850695,19437.269963256487,24576.0,67.55108551455217,64.27902736922861
1765758131.9726286,92.88046818808287,58.5482687945598,18691.87625273154,24576.0,76.27957480132886,61.663179929880265
1765758132.1726286,88.38776997453247,68.30496264793997,19633.69741804505,24576.0,68.62637955593941,67.10931141158052
1765758132.3726287,86.51628783939391,59.815411655553504,20259.668359489533,24576.0,73.40443814600023,67.2662227335604
1765758132.5726287,92.13307092876985,58.44228349041272,17713.154362256286,24576.0,62.16404673574477,66.13088783902082
1765758132.7726288,93.41991530954792,70.22046533248195,18222.198900084204,24576.0,64.96192949273387,70.26856864671463
1765758132.9726288,95.51118185040798,67.79127064668354,19749.753398271176,24576.0,61.64742366646459,68.25576662564686
1765758133.1726289,90.61692866405323,57.35472578909045,17898.178683423568,24576.0,64.1465865506077,60.807025626527015
1765758133.372629,93.65044987026077,71.19406135152872,19316.2745284025,24576.0,66.89606477976258,71.7293247042824
1765758133.572629,88.02616445697954,64.67944611663381,17900.85513942819,24576.0,67.88036656804131,77.30014477697075
1765758133.772629,86.5585151410264,59.87858012743699,18763.142426359795,24576.0,67.97946883728284,71.6637896289258
1765758133.972629,93.45036093955625,58.25242341709239,17913.10051373505,24576.0,64.4071602143817,68.35489578990465
1765758134.172629,94.96513328597256,71.99575758043424,17270.960079033284,24576.0,61.49248094506433,69.9032604202543
1765758134.3726292,91.29996327848016,65.15113137779119,19138.839160544496,24576.0,57.65411784976623,71.82505720845049
1765758134.5726292,94.28336412924038,71.06849604440863,19699.42906060581,24576.0,68.20996336609362,66.4336435366943
1765758134.7726293,97.90468959126537,66.10041925377483,17607.19108316882,24576.0,62.361054513620154,71.10805180634897
1765758134.9726293,91.48653533400716,64.04312512940656,19441.570922954354,24576.0,68.0875581303346,67.9485145992928
1765758135.1726294,92.34811284796159,60.664951601780935,19777.470668766196,24576.0,71.52477103275959,68.33274610053876
1765758135.3726294,88.39047135966244,64.07300457699826,20007.333043539136,24576.0,60.33000856451889,69.82933650147605
1765758135.5726295,88.5036664113969,66.38574756742071,20499.89832091573,24576.0,64.3497297221157,71.05237041856559
1765758135.7726295,91.17743020091629,62.216238507575625,18275.301780452217,24576.0,74.0291588681571,62.02947221370037
1765758135.9726295,87.76184706591806,63.86247062208864,19530.192147092992,24576.0,74.49778626807783,69.18599146283512
1765758136.1726296,93.56514684383826,58.237374210903795,17238.849314805062,24576.0,61.30373267244232,71.24917270375913
1765758136.3726296,92.6667526838652,60.69441404084263,18551.52543451082,24576.0,69.4265943130479,73.0526428636808
1765758136.5726297,92.63340265193771,69.55570402305341,18605.284593094253,24576.0,59.5295118704843,62.47832565019507
1765758136.7726297,95.36592853160623,61.89323358043751,17212.48470341944,24576.0,71.50514349849314,72.2727941437711
1765758136.9726298,90.5054036190267,69.11158624949292,17911.023988832014,24576.0,62.76237812103939,70.85942219959173
1765758137.1726298,92.04141505481175,63.02701491265168,18986.739573137547,24576.0,68.39291808708336,68.79370445588
1765758137.37263,87.73172972824284,65.70522348688498,19940.881316702056,24576.0,66.9504064753101,65.82934977356321
1765758137.57263,97.0439365537094,62.99325707680282,18353.65870603108,24576.0,65.77759953452397,64.89985221334977
1765758137.77263,93.9779101236663,60.24821182628967,17747.129552511877,24576.0,69.00311669262366,67.57286173461956
1765758137.97263,92.0874282039668,65.69426527430069,16843.199850599623,24576.0,67.6994343636615,65.72559602651064
1765758138.17263,91.10576513822163,64.59860985182962,18882.81176252596,24576.0,63.14456966114317,69.74800149232246
1765758138.3726301,88.0643946726749,75.33895881076035,16333.157075857143,24576.0,64.19956354990454,71.70762488874169
1765758138.5726302,94.05828697101373,61.7762788924179,16614.9815935315,24576.0,71.513180699332,65.86787523213859
1765758138.7726302,94.36664157905535,46.76414373134067,18906.44325615151,24576.0,51.82993339928309,68.2900182084131
1765758138.9726303,91.1277327015162,70.516427682777,17311.802507574164,24576.0,65.76848344350057,65.65603782201521
1765758139.1726303,91.9256501544639,68.32251837793729,18622.7009420426,24576.0,67.19464500769485,67.1174838188509
1765758139.3726304,90.87102296404119,77.10929931732008,18192.039602163506,24576.0,66.06868936828394,69.38878385735663
1765758139.5726304,93.06636497661125,69.75167889564591,17901.61593448935,24576.0,61.720041725314736,69.40616933585872
1765758139.7726305,92.95856870372123,64.623106408571,17671.730940492027,24576.0,74.25417417708942,67.47045603939091
1765758139.9726305,89.20845015031182,53.643594196674755,19745.12361388749,24576.0,63.57945935828129,67.45627841381463
1765758140.1726305,89.66497896484493,63.06587265217573,18195.712393799342,24576.0,70.18707186650707,62.134706180925605
1765758140.3726306,94.65258019673446,71.10928835902268,18964.151464497485,24576.0,65.98965183323726,73.83400670535683
1765758140.5726306,95.9181851109183,59.815466466138645,19637.72881533541,24576.0,68.58650109238212,66.9172990855888
1765758140.7726307,97.73886395558682,70.86583637446276,20060.87038870234,24576.0,64.01174204203338,66.31003798018654
1765758140.9726307,91.38215837440241,74.53889469981586,20018.67704270556,24576.0,70.83321390045853,63.07890645575603
1765758141.1726308,90.62381138545221,68.66877132657577,18217.03351686039,24576.0,61.594410001423626,60.64171466549342
1765758141.3726308,92.12667670076998,62.85127191664482,18692.276240079405,24576.0,69.39214981883563,69.15403828322225
1765758141.572631,91.53411914041209,62.13268579689283,18738.9436052811,24576.0,68.2726143622986,67.48836702270681
1765758141.772631,95.82062097259247,69.02609308702642,20352.95995088882,24576.0,66.7967559054116,74.3591524951445
1765758141.972631,95.63356314013761,73.99933254738265,20215.590689729488,24576.0,62.69195400611835,67.88927949693584
1765758142.172631,92.49319127974753,74.7460294005463,17013.26590103497,24576.0,62.959839777963815,66.89055040635371
1765758142.372631,99.71832812622097,66.66661578740758,16870.123048382637,24576.0,52.07826590304794,66.9237396711361
1765758142.5726311,90.08151255203616,74.23952620273455,17844.193681083718,24576.0,66.82767498162205,70.39174332960455
1765758142.7726312,90.87248011506131,63.96909895628979,17451.21849138518,24576.0,69.49571937948082,70.35356335547858
1765758142.9726312,83.36744257081864,62.26584194748772,17262.061409318772,24576.0,64.12468729636757,70.52377897692763
1765758143.1726313,87.0116972611058,63.55261301628237,15120.177119683447,24576.0,68.22022409465356,65.13197178911092
1765758143.3726313,89.89314302914295,60.44960270524401,19154.774796136015,24576.0,58.371271978413894,70.55846460748508
1765758143.5726314,86.41357399565798,62.06879931810843,17772.01081106104,24576.0,63.60136204309769,64.8964149611808
1765758143.7726314,92.30691484930104,61.54262314966883,15883.134081464994,24576.0,62.659944247387855,70.09328020698698
1765758143.9726315,96.67629857485146,62.703765345890794,19252.05160131724,24576.0,55.95820300832083,67.79190428267974
1765758144.1726315,89.8908015105006,61.07701433523915,15776.986830762022,24576.0,64.83952443895528,68.94130457634087
1765758144.3726315,98.32767659239447,69.3805643784099,17561.65203430337,24576.0,60.35964236905905,63.562634256978356
1765758144.5726316,88.6924141770495,68.47549735489947,19668.86827722581,24576.0,58.517631521530625,63.539206284077046
1765758144.7726316,92.4170521436025,63.245438402348505,19597.17988499952,24576.0,71.94995977531404,66.06415653581944
1765758144.9726317,89.66318406272514,70.02557765130167,17915.763199118966,24576.0,52.03539018927026,65.01522969577115
1765758145.1726317,91.72179438418759,63.91982685766383,17525.5807168399,24576.0,62.89919386473493,65.45517411047658
1765758145.3726318,90.03920141562041,53.315853740762094,18832.83087017844,24576.0,64.41982071615901,68.12130049379309
1765758145.5726318,92.90861655627106,70.07382702508347,19180.18689187936,24576.0,70.94177374679103,70.82197114224742
1765758145.772632,95.34113858206301,58.754555613017416,19407.82862944514,24576.0,65.79905552005947,66.29959705235343
1765758145.972632,96.2237395484757,69.25955833320631,20274.59489254199,24576.0,65.74134521213196,74.25403097414882
1765758146.172632,94.53369451924944,60.67989579231292,18165.389086796575,24576.0,67.80326049632752,72.87680144434873
1765758146.372632,97.68163465356218,64.49448681605905,18837.071973988113,24576.0,61.944411092881865,71.31663789820968
1765758146.572632,93.25504314508782,65.79173500594946,16962.356785523258,24576.0,61.237065112088246,68.51488423326984
1765758146.7726321,92.38893615297737,65.83206426131007,19583.521022829653,24576.0,66.7284807056662,69.74151230412853
1765758146.9726322,87.57675075249968,67.34946165666673,17788.852400704287,24576.0,61.634868795157274,71.81560971610604
1765758147.1726322,94.11437315714018,64.25743129472221,18404.03868029258,24576.0,65.58406236918522,68.45855465599776
1765758147.3726323,93.22824501118752,62.55658095043661,18880.62254366145,24576.0,62.723784806071414,64.32214811199093
1765758147.5726323,96.42468675772082,69.70778179919918,19602.18109131972,24576.0,58.90657573338946,71.27676396938888
1765758147.7726324,85.75034897780414,71.85038884084713,21097.79662166869,24576.0,68.07161004133697,70.07632395941481
1765758147.9726324,91.27032641447802,60.76937549107383,17769.213623068445,24576.0,79.12052171495014,65.22226034789887
1765758148.1726325,94.42748088043837,59.33261300826542,16694.557555890504,24576.0,60.343977944146154,66.52154151228589
1765758148.3726325,92.67482054087985,56.14779501667654,18777.103564341567,24576.0,70.1206209996773,68.12528536317281
1765758148.5726326,89.3904291361302,71.73517439519979,17821.005272811133,24576.0,65.31887297538645,67.76677986280122
1765758148.7726326,95.9600162690885,66.86956613828289,19978.49327900412,24576.0,63.23255576565824,67.2204146613484
1765758148.9726326,88.99925671912999,62.02163464801309,20065.8458486125,24576.0,64.44497910660593,65.31769384818477
1765758149.1726327,89.56739315014778,61.67013069352662,17399.330026817377,24576.0,72.99094586596746,69.62915066037735
1765758149.3726327,90.05084287032116,64.24683139988737,17963.307208553688,24576.0,71.94100275033456,73.47171235654552
1765758149.5726328,98.24083745227837,60.31161810714229,18098.638779321118,24576.0,65.58108924269672,62.458312131765155
1765758149.7726328,89.14752218805229,78.12574999250042,15145.432092858584,24576.0,62.95570387390776,77.68519493600454
1765758149.972633,88.84966829724976,63.44279108158523,19362.13363100303,24576.0,59.963275289783766,69.33061710871026
1765758150.172633,81.39992718744821,65.77950385442391,19393.64364568958,24576.0,58.5201572407189,65.76726308505427
1765758150.372633,92.99298137353968,63.380454773280384,21250.41778794878,24576.0,62.865045836925205,68.88987365055098
1765758150.572633,88.64155290961476,59.833003872648504,17227.968987468845,24576.0,67.77339739578717,62.506225348999024
1765758150.772633,89.98406147558893,56.29149938963056,19412.494919303346,24576.0,64.00422504257176,66.4128603288388
1765758150.9726331,96.06265749247376,59.90321294024821,18767.82027630504,24576.0,68.05010492497843,68.54851613388387
1765758151.1726332,87.03911044155393,59.59698152144599,15959.842411705084,24576.0,71.29476275375406,62.59016116325884
1765758151.3726332,95.60693807769093,67.03749424381287,20187.992733189712,24576.0,54.259432950998416,68.89163223515598
1765758151.5726333,91.58332203552726,60.207391096059446,20081.495575667894,24576.0,66.37016702838469,64.09807488503628
1765758151.7726333,93.12171951303328,63.552963627757514,16876.048798950374,24576.0,64.37050266173723,70.99619121491048
1765758151.9726334,91.05123619723662,66.24241736624572,18193.258157103195,24576.0,67.44550324601808,61.16198407182475
1765758152.1726334,87.50899529048054,61.49672728784833,17693.586150300205,24576.0,61.03338530325269,72.43030842082898
1765758152.3726335,89.97694593826833,64.76205480678202,18606.923161987208,24576.0,63.37289410713938,73.27670811390416
1765758152.5726335,89.63852325189477,59.121619891109134,17255.83441067231,24576.0,62.894992329310895,68.51685919336309
1765758152.7726336,92.07907731056332,74.73012904408601,14863.319879273125,24576.0,61.6738845218314,66.47768813755711
1765758152.9726336,91.35240792773999,57.95592682405997,17261.712777505007,24576.0,57.23121681757692,70.55632546969704
1765758153.1726336,92.8270837424466,55.43586593094301,18857.936787029063,24576.0,68.18690343614979,66.22790275711422
1765758153.3726337,97.63067213777269,65.52036155543394,17437.0955547213,24576.0,67.54426213398972,61.910563520951214
1765758153.5726337,88.45645170094373,63.63717050510027,17031.261734707565,24576.0,58.34798214501343,74.34010340109069
1765758153.7726338,94.14731962818884,58.819267167305036,20500.73705215371,24576.0,66.6607121386739,65.20937725827133
1765758153.9726338,93.56563749193587,77.76649977215173,17067.42659653885,24576.0,76.97081108385363,68.50535101923887
1765758154.172634,93.54005995385263,64.00544392165214,16813.730488761074,24576.0,72.47487712110045,63.358189984362845
1765758154.372634,94.97451111006706,60.672890785450036,17114.881724295803,24576.0,67.04975434971631,68.11600034047537
1765758154.572634,95.45305784639324,53.03295608414637,20879.679392101392,24576.0,62.86771472689793,71.6810078274925
1765758154.772634,87.39038883911381,66.60102556727695,19571.703298904955,24576.0,69.75826301476394,69.57133348080876
1765758154.972634,94.68812718501312,72.31577057954132,18694.4801955359,24576.0,60.63862839526195,66.43389124019126
1765758155.1726341,86.21629995002809,68.3587414369642,17642.020066849374,24576.0,66.99190272336462,62.66954509435327
1765758155.3726342,93.48473753866557,62.71840838125859,17250.614560775255,24576.0,63.3599539090208,68.57951508188287
1765758155.5726342,96.76674361686744,67.57137488164116,21093.026157682005,24576.0,63.79119521567788,69.9212244128382
1765758155.7726343,89.23238185286998,50.4321939702256,20464.738045936232,24576.0,69.32085282283293,67.45230596874796
1765758155.9726343,91.6934719800533,66.61997464803821,19023.99912948548,24576.0,64.07632464287597,66.10047269522201
1765758156.1726344,93.49335348617412,64.57899854664413,20266.280507843345,24576.0,60.364771212780056,62.38910354616578
1765758156.3726344,95.35097731234265,67.9941597073464,18054.197952295697,24576.0,64.82949651135954,65.68782714852046
1765758156.5726345,100.0,70.94208550717552,17559.90135157465,24576.0,63.00545834094842,67.75578930579124
1765758156.7726345,91.44181784139941,75.2654138155822,17242.161695766023,24576.0,66.38384057196063,67.79644753332333
1765758156.9726346,94.6799669991986,76.00912378455786,18746.31506873686,24576.0,63.437997198878506,64.95871639529152
1765758157.1726346,94.19377069132908,58.64432459916573,18168.019028053226,24576.0,69.44729505852149,72.62228889977577
1765758157.3726346,95.43828574656426,66.43960539871419,22089.64727909582,24576.0,56.80756339890158,66.48319129974472
1765758157.5726347,92.98833452528817,70.23554884621845,18646.10388663914,24576.0,75.96347796987314,66.14462663345076
1765758157.7726347,91.88135689130307,53.78111151557605,19172.03473408806,24576.0,62.878697140771386,66.4901993798159
1765758157.9726348,93.23880805835906,68.1057534356203,17337.87117365553,24576.0,54.79383727499981,68.9027994838232
1765758158.1726348,92.15695468312447,69.35292062071669,19715.940440106955,24576.0,63.85850617574733,64.8694376067418
1765758158.372635,91.47567885096551,58.682023177444925,19496.43301238371,24576.0,67.73539775993149,65.99492134792213
1765758158.572635,94.18743743059372,65.29422238879604,19677.382071659868,24576.0,64.98267181487056,66.56307057971948
1765758158.772635,94.22582569893459,66.49740510041153,17608.64597703826,24576.0,74.3815104066236,65.24849786063793
1765758158.972635,93.38521935383477,59.84512096368414,18822.266653603754,24576.0,65.48800090718485,73.37555197710606
1765758159.172635,98.12406438755879,69.47515715564994,17739.325103106126,24576.0,73.44300987149697,68.54760604880066
1765758159.3726351,81.19886419636904,67.22946618008363,18164.82040451068,24576.0,58.309720269645766,64.8794145226227
1765758159.5726352,87.53664074918554,66.73833975338077,21096.968649648046,24576.0,61.682617034322526,72.39554005174041
1765758159.7726352,91.68638312461796,62.125232754593746,19026.18605374495,24576.0,53.030736074113875,62.16794804014093
1765758159.9726353,88.92576533769851,64.9437934405727,18213.28645048013,24576.0,70.43973343509967,69.23201871509396
1765758160.1726353,92.32430477980019,56.53109027828352,18194.359941463677,24576.0,63.58178720782632,64.97960797505606
1765758160.3726354,92.3035495853196,54.78632226895945,19133.501191939104,24576.0,66.67291265167046,71.38000096660058
1765758160.5726354,99.01094736373683,61.805666484685794,19573.068560436506,24576.0,73.91010237010408,71.35832527320149
1765758160.7726355,85.79586862792213,73.42610529164601,19342.214547610136,24576.0,67.19296602275436,68.03542079069581
1765758160.9726355,89.74001928019179,64.71824467748236,16683.965611075782,24576.0,66.00040813408141,67.58068610564447
1765758161.1726356,90.42240483472068,60.85334562917865,16887.609362290055,24576.0,69.66734651808733,70.3901632511473
1765758161.3726356,89.06423120219262,55.49086766336309,21794.434165500505,24576.0,66.89598163561438,68.3351429390815
1765758161.5726357,93.97978582693234,58.674797401168114,15469.175333162733,24576.0,63.33034136493967,65.4575695579322
1765758161.7726357,94.91353203193816,64.99822131470191,20864.01849868269,24576.0,61.80201506247898,66.50981707521986
1765758161.9726357,96.72523935585382,74.96270951914123,18603.282025254764,24576.0,68.52392454933522,70.38429790905127
1765758162.1726358,91.82216904918027,56.209488038172786,20171.66882061737,24576.0,57.207962377646034,63.101019858475254
1765758162.3726358,91.50367288631136,73.65686051529589,17865.314520802687,24576.0,68.16467950726954,64.97732836437497
1765758162.572636,93.55109364792588,75.47385703910295,20760.01155836768,24576.0,67.8231687903606,65.73638455832699
1765758162.772636,92.6154592514555,73.86291153947096,18897.696589587635,24576.0,70.2886598163642,68.71335800377103
1765758162.972636,91.46748587192297,74.05935738958628,18708.3881743249,24576.0,62.215281411235964,66.47889188299187
1765758163.172636,94.15356006869177,66.72107671706632,15875.37088886013,24576.0,67.90904388759358,70.1261442416158
1765758163.372636,90.41330068081405,62.22266908139898,18662.750653013314,24576.0,60.38220541803925,71.14024111740929
1765758163.5726361,87.78478964845736,72.16765258971412,17600.378732577796,24576.0,65.62575487369608,65.91545847538721
1765758163.7726362,88.68417759497265,62.60599409983489,18355.015437880218,24576.0,63.9456424119602,68.02009508851302
1765758163.9726362,78.94665914218488,55.15601942775463,19067.972844321193,24576.0,66.83730191562172,67.24148040201123
1765758164.1726363,88.06295378921027,62.06016068671624,17505.084754597425,24576.0,72.91278209259927,68.99974521199526
1765758164.3726363,93.40968305246011,66.390827874064,18172.337914604213,24576.0,58.714773611801405,69.11921630130088
1765758164.5726364,96.15477000807674,74.52326077872637,16960.42345812841,24576.0,63.592416820574165,68.34890734779681
1765758164.7726364,91.52509351244218,59.877790414865494,17756.955205372487,24576.0,65.37520931391926,66.05574668852509
1765758164.9726365,87.86655989908616,75.1364018568302,18338.91371694008,24576.0,73.14450438792889,65.66029464972848
1765758165.1726365,92.98394926730018,52.557347958452766,16338.664430770716,24576.0,57.665351700728124,70.30552070142383
1765758165.3726366,88.1074935541151,69.65052770028007,15550.684561061451,24576.0,65.73040030200261,74.94135185994203
1765758165.5726366,88.18594488509302,46.641011385919896,17466.60852535063,24576.0,59.66224839665951,70.27504532729805
1765758165.7726367,91.50066096164946,66.26884878793818,19234.89135976627,24576.0,72.40879651641316,68.79545601971448
1765758165.9726367,94.44909718111842,65.18535352630099,17822.55854410689,24576.0,66.45215420194896,71.57325652139534
1765758166.1726367,96.52797073915058,56.7029286751401,17938.703320546054,24576.0,63.91531484821374,63.15487063488334
1765758166.3726368,99.84157949442073,65.04788097425468,18979.20428223451,24576.0,74.30598804892539,72.20908042500675
1765758166.5726368,94.69320550667605,63.46282497590036,18207.545007182314,24576.0,67.40163780445044,70.85463198024871
1765758166.772637,95.04788376066242,55.83190732940095,16949.321453086985,24576.0,69.28362537293098,68.41992558136393
1765758166.972637,88.31768903952155,60.67167581692141,18674.13885364154,24576.0,78.68585672840575,64.38247145858374
1765758167.172637,94.94582046298535,69.27920367364864,17995.64912611789,24576.0,71.41095574490502,68.27504221449402
1765758167.372637,90.243182008132,72.89704028183316,19240.33866622745,24576.0,62.634732843896415,71.12479971371468
1765758167.572637,87.60672261529423,67.31488776593642,18214.66375064494,24576.0,67.95909687640996,66.3104026393431
1765758167.7726371,87.99990614930232,60.7083623005663,18134.285320822422,24576.0,61.310218869978854,69.39301197683918
1765758167.9726372,95.54642733171077,68.9047095429319,18369.344739847682,24576.0,71.39079340719437,68.98757500796235
1765758168.1726372,100.0,65.78723337999436,18832.065224048154,24576.0,70.02923504985165,69.58879285504372
1765758168.3726373,92.48075712463692,59.78758433032518,19046.147268553766,24576.0,55.26355494683035,68.86409875839685
1765758168.5726373,92.4684674960637,68.47545271256179,19376.242140405106,24576.0,55.413751957987266,68.4446517500203
1765758168.7726374,90.0518110988397,69.8167559870249,18623.63310582406,24576.0,66.03407575030863,70.92035252269801
1765758168.9726374,84.5052458408372,70.01429467817302,17075.17609151095,24576.0,64.5127952605557,65.72960475472101
1765758169.1726375,97.41309041464393,57.88290414344562,18421.769758925806,24576.0,63.12377439647858,70.22604732189507
1765758169.3726375,84.91468862954898,67.531117853324,19187.815464310832,24576.0,72.47411187312574,69.4626195742892
1765758169.5726376,91.87350177296045,72.04125862493325,18795.46205421852,24576.0,67.65871477187812,65.19778754790975
1765758169.7726376,96.20358523976763,63.583297096596766,18853.111861811896,24576.0,60.37418219162995,67.12003777859557
1765758169.9726377,94.36144639134031,65.14178187239813,16231.655639061497,24576.0,58.822842150332555,71.36258021392042
1765758170.1726377,97.3309594517202,70.87542701718912,17873.038814759144,24576.0,71.46604533646116,63.7061194232598
1765758170.3726377,91.18388891097867,62.07693381630342,15918.906722828606,24576.0,69.23430773888104,64.46789053497409
1765758170.5726378,94.49613852912682,66.51897681998146,21411.871419813524,24576.0,78.36505554319807,68.61580673922437
1765758170.7726378,86.8634675295432,63.301907573652855,19170.41030779943,24576.0,62.68063665172079,66.40422964346958
1765758170.972638,92.75741921566606,67.04854695785198,19703.292283136387,24576.0,67.51962188971522,68.08389969232525
1765758171.172638,86.4010064668559,53.52544563157488,19146.20405482971,24576.0,68.62483732309316,65.13749513572688
1765758171.372638,89.02615667391711,65.13909967273209,16507.330029942917,24576.0,62.24145254876571,64.50379755984727
1765758171.572638,97.3638265018121,61.551235896530486,18945.514793380444,24576.0,70.33805052489886,68.90451009146585
1765758171.772638,87.24930354658338,63.55070393804883,18177.979549452575,24576.0,65.8965693581229,68.9821306353657
1765758171.9726381,95.84362725880152,64.81821875045047,16981.060386449975,24576.0,63.96800984267674,63.97841539139602
1765758172.1726382,90.9328964507658,60.212456238706096,17423.56572179961,24576.0,62.96797694629441,70.27134185103536
1765758172.3726382,91.35362702534584,62.32333698498477,20618.614316776806,24576.0,66.66065759243259,67.71929291051548
1765758172.5726383,88.44678358638936,61.17137998853093,18065.7648931321,24576.0,67.90997898989815,69.94683114194498
1765758172.7726383,89.27993293263545,61.03601626492733,18462.948492497442,24576.0,64.02785781682681,67.89521362922052
1765758172.9726384,89.45773689887741,70.68894048066075,19622.74792369227,24576.0,69.01492514376207,69.2418523173131
1765758173.1726384,93.47233995644991,64.07687515239378,19175.738015012674,24576.0,62.62912479693571,70.47003467070331
1765758173.3726385,87.52800715440962,67.35190865991133,19051.350564422275,24576.0,68.49264374093852,67.7026545410979
1765758173.5726385,85.8114816713811,58.51623436227705,18443.192165623263,24576.0,65.34433374332116,64.84460581993503
1765758173.7726386,87.40051891108061,59.91407386221442,20966.904775287556,24576.0,68.63042896798015,63.26790711771038
1765758173.9726386,86.58645733888265,62.99543005578488,18532.706505808314,24576.0,59.6583553730716,70.7535866444318
1765758174.1726387,85.83738247780526,62.02915800144097,17625.33509299942,24576.0,63.65669672874631,62.61865836762899
1765758174.3726387,98.00549210071992,71.73321075647591,17916.655277034748,24576.0,65.01215609828304,74.65384182532155
1765758174.5726388,92.5707603545635,65.4213305226387,18844.07690238097,24576.0,63.13302069906361,71.96474301514505
1765758174.7726388,92.48438993746387,73.11443368352663,19160.51086482171,24576.0,63.91226861928886,73.16893870152316
1765758174.9726388,92.18625817772663,63.62438924795568,17860.20054243,24576.0,69.22062467888051,70.02368775076442
1765758175.172639,87.32362906605707,72.32568670825239,18666.38580037763,24576.0,65.18651694953542,68.61636500014684
1765758175.372639,90.25020971015347,59.17091627224288,18138.340895813602,24576.0,64.43361441518307,72.3742866005896
1765758175.572639,96.61452754709755,55.98553992759743,16369.883761403871,24576.0,67.30389868716071,68.32688523857225
1765758175.772639,90.44858951422665,66.83384991851459,16609.797551307543,24576.0,68.03726144666261,70.60064312466741
